name,url,city
2022,https://www.tripadvisor.co/Attraction_Review-g294074-d532210-Reviews-Gold_Museum_Museo_del_Oro-Bogota.html,Bogota
1. Museo del Oro,https://www.tripadvisor.co/Attraction_Review-g294074-d532210-Reviews-Gold_Museum_Museo_del_Oro-Bogota.html,Bogota
2022,https://www.tripadvisor.co/Attraction_Review-g294074-d532215-Reviews-Museo_Botero_del_Banco_de_la_Republica-Bogota.html,Bogota
2. Museo Botero,https://www.tripadvisor.co/Attraction_Review-g294074-d532215-Reviews-Museo_Botero_del_Banco_de_la_Republica-Bogota.html,Bogota
2022,https://www.tripadvisor.co/Attraction_Review-g294074-d552767-Reviews-Mount_Monserrate-Bogota.html,Bogota
3. Cerro de Monserrate,https://www.tripadvisor.co/Attraction_Review-g294074-d552767-Reviews-Mount_Monserrate-Bogota.html,Bogota
2022,https://www.tripadvisor.co/Attraction_Review-g294074-d550644-Reviews-Barrio_La_Candelaria-Bogota.html,Bogota
4. Barrio La Candelaria,https://www.tripadvisor.co/Attraction_Review-g294074-d550644-Reviews-Barrio_La_Candelaria-Bogota.html,Bogota
5. Jardín Botánico de Bogotá Jose Celestino Mutis,https://www.tripadvisor.co/Attraction_Review-g294074-d2556751-Reviews-Jardin_Botanico_de_Bogota_Jose_Celestino_Mutis-Bogota.html,Bogota
2022,https://www.tripadvisor.co/Attraction_Review-g294074-d531644-Reviews-National_Museum_of_Colombia-Bogota.html,Bogota
6. Museo Nacional de Colombia,https://www.tripadvisor.co/Attraction_Review-g294074-d531644-Reviews-National_Museum_of_Colombia-Bogota.html,Bogota
2022,https://www.tripadvisor.co/Attraction_Review-g294074-d590772-Reviews-Parque_93-Bogota.html,Bogota
7. Parque 93,https://www.tripadvisor.co/Attraction_Review-g294074-d590772-Reviews-Parque_93-Bogota.html,Bogota
8. Parque Central Simon Bolivar,https://www.tripadvisor.co/Attraction_Review-g294074-d590760-Reviews-Parque_Metropolitano_Simon_Bolivar-Bogota.html,Bogota
2022,https://www.tripadvisor.co/Attraction_Review-g294074-d532212-Reviews-Plaza_de_Bolivar_de_Bogota-Bogota.html,Bogota
9. Plaza de Bolívar de Bogotá,https://www.tripadvisor.co/Attraction_Review-g294074-d532212-Reviews-Plaza_de_Bolivar_de_Bogota-Bogota.html,Bogota
10. Ciclovía de Bogotá,https://www.tripadvisor.co/Attraction_Review-g294074-d1497645-Reviews-Ciclovia_de_Bogota-Bogota.html,Bogota
11. Biblioteca Virgilio,https://www.tripadvisor.co/Attraction_Review-g294074-d4170572-Reviews-Biblioteca_Virgilio-Bogota.html,Bogota
12. Casa Museo Quinta de Bolivar,https://www.tripadvisor.co/Attraction_Review-g294074-d532209-Reviews-Casa_Museo_Quinta_de_Bolivar-Bogota.html,Bogota
13. Museo Santa Clara,https://www.tripadvisor.co/Attraction_Review-g294074-d532217-Reviews-Museo_Santa_Clara-Bogota.html,Bogota
2022,https://www.tripadvisor.co/Attraction_Review-g294074-d2536796-Reviews-Plaza_de_Mercado_de_Paloquemao-Bogota.html,Bogota
14. Plaza de Mercado de Paloquemao,https://www.tripadvisor.co/Attraction_Review-g294074-d2536796-Reviews-Plaza_de_Mercado_de_Paloquemao-Bogota.html,Bogota
15. Teatro Mayor Julio Mario Santo Domingo,https://www.tripadvisor.co/Attraction_Review-g294074-d4050451-Reviews-Teatro_Mayor_Julio_Mario_Santo_Domingo-Bogota.html,Bogota
16. Mercado de las Pulgas de Usaquén,https://www.tripadvisor.co/Attraction_Review-g294074-d1382992-Reviews-Mercado_de_las_Pulgas_de_Usaquen-Bogota.html,Bogota
17. Centro Comercial Andino,https://www.tripadvisor.co/Attraction_Review-g294074-d315690-Reviews-Centro_Comercial_Andino-Bogota.html,Bogota
18. Zona G Bogota,https://www.tripadvisor.co/Attraction_Review-g294074-d8004615-Reviews-Zona_G_Bogota-Bogota.html,Bogota
19. Parque de Usaquen,https://www.tripadvisor.co/Attraction_Review-g294074-d7729122-Reviews-Parque_de_Usaquen-Bogota.html,Bogota
20. Biblioteca Luis Angel Arango,https://www.tripadvisor.co/Attraction_Review-g294074-d532180-Reviews-Luis_Angel_Arango_Library-Bogota.html,Bogota
21. Iglesia de San Francisco,https://www.tripadvisor.co/Attraction_Review-g294074-d2556754-Reviews-Iglesia_de_San_Francisco-Bogota.html,Bogota
22. Catedral Primada de Bogota,https://www.tripadvisor.co/Attraction_Review-g294074-d592932-Reviews-Catedral_Primada_de_Bogota-Bogota.html,Bogota
23. Casa Libreria Wilborada 1047,https://www.tripadvisor.co/Attraction_Review-g294074-d7195211-Reviews-Casa_Libreria_Wilborada_1047-Bogota.html,Bogota
24. Museo de Arte del Banco de la Republica,https://www.tripadvisor.co/Attraction_Review-g294074-d532183-Reviews-Museo_de_Arte_del_Banco_de_la_Republica-Bogota.html,Bogota
25. Casa de Moneda del Banco de la República,https://www.tripadvisor.co/Attraction_Review-g294074-d532182-Reviews-Casa_de_Moneda_Coleccion_Numismatica_del_Banco_de_la_Republica-Bogota.html,Bogota
26. Museo Militar de Colombia,https://www.tripadvisor.co/Attraction_Review-g294074-d2556745-Reviews-Military_Museum_of_Colombia-Bogota.html,Bogota
27. Teatro Colon Bogota,https://www.tripadvisor.co/Attraction_Review-g294074-d7122049-Reviews-Teatro_Colon_Bogota-Bogota.html,Bogota
28. Museo Historico de la Policia,https://www.tripadvisor.co/Attraction_Review-g294074-d2556747-Reviews-Museo_Historico_de_la_Policia-Bogota.html,Bogota
2022,https://www.tripadvisor.co/Attraction_Review-g294074-d10389500-Reviews-Teleferico_de_Monserrate-Bogota.html,Bogota
29. Teleferico de Monserrate,https://www.tripadvisor.co/Attraction_Review-g294074-d10389500-Reviews-Teleferico_de_Monserrate-Bogota.html,Bogota
30. Iglesia Basilica del Señor de Monserrate,https://www.tripadvisor.co/Attraction_Review-g294074-d7723541-Reviews-Iglesia_Basilica_del_Senor_de_Monserrate-Bogota.html,Bogota
31. Torre Colpatria,https://www.tripadvisor.co/Attraction_Review-g294074-d590764-Reviews-Torre_Colpatria-Bogota.html,Bogota
32. Plaza Del Chorro Del Quevedo,https://www.tripadvisor.co/Attraction_Review-g294074-d532277-Reviews-Plaza_Del_Chorro_Del_Quevedo-Bogota.html,Bogota
33. Santuario de Nuestra Señora de Guadalupe,https://www.tripadvisor.co/Attraction_Review-g294074-d3227653-Reviews-Santuario_de_Nuestra_Senora_de_Guadalupe-Bogota.html,Bogota
34. La Macarena,https://www.tripadvisor.co/Attraction_Review-g294074-d552768-Reviews-La_Macarena-Bogota.html,Bogota
35. CASA DE NARIÑO,https://www.tripadvisor.co/Attraction_Review-g294074-d590780-Reviews-CASA_DE_NARINO-Bogota.html,Bogota
36. Mercado de las pulgas,https://www.tripadvisor.co/Attraction_Review-g294074-d4749983-Reviews-Mercado_de_las_pulgas-Bogota.html,Bogota
37. Planetario de Bogota,https://www.tripadvisor.co/Attraction_Review-g294074-d5562787-Reviews-Planetarium_of_Bogota-Bogota.html,Bogota
38. Santuario Nuestra Señora del Carmen,https://www.tripadvisor.co/Attraction_Review-g294074-d8646483-Reviews-Santuario_Nuestra_Senora_del_Carmen-Bogota.html,Bogota
39. Iglesia Nuestra Senora de Lourdes,https://www.tripadvisor.co/Attraction_Review-g294074-d7378578-Reviews-Iglesia_Nuestra_Senora_de_Lourdes-Bogota.html,Bogota
40. Makuira Beer Spa,https://www.tripadvisor.co/Attraction_Review-g294074-d8442267-Reviews-Makuira_Beer_Spa-Bogota.html,Bogota
41. Orquesta Sinfonica de Colombia,https://www.tripadvisor.co/Attraction_Review-g294074-d590790-Reviews-Orquesta_Sinfonica_de_Colombia-Bogota.html,Bogota
42. Iglesia El Lugar de Su Presencia,https://www.tripadvisor.co/Attraction_Review-g294074-d4605956-Reviews-Iglesia_El_Lugar_de_Su_Presencia-Bogota.html,Bogota
43. Iglesia de Nuestra Señora de La Candelaria,https://www.tripadvisor.co/Attraction_Review-g294074-d6960195-Reviews-Iglesia_de_Nuestra_Senora_de_La_Candelaria-Bogota.html,Bogota
44. Parque El Virrey,https://www.tripadvisor.co/Attraction_Review-g294074-d7038804-Reviews-Parque_El_Virrey-Bogota.html,Bogota
45. Parque Nacional Natural Sumapaz,https://www.tripadvisor.co/Attraction_Review-g294074-d7032237-Reviews-Parque_Nacional_Natural_Sumapaz-Bogota.html,Bogota
46. Centro Comercial Santafé,https://www.tripadvisor.co/Attraction_Review-g294074-d3953118-Reviews-Centro_Comercial_Santafe-Bogota.html,Bogota
47. Santuario del Divino Nino,https://www.tripadvisor.co/Attraction_Review-g294074-d8262588-Reviews-Santuario_del_Divino_Nino-Bogota.html,Bogota
48. Museo del Chico,https://www.tripadvisor.co/Attraction_Review-g294074-d3785941-Reviews-Museo_del_Chico-Bogota.html,Bogota
49. Centro Cultural Gabriel Garcia Marquez,https://www.tripadvisor.co/Attraction_Review-g294074-d2701360-Reviews-Centro_Cultural_Gabriel_Garcia_Marquez-Bogota.html,Bogota
50. Portal de Museos de la Universidad Nacional de Colombia - Claustro de San Agusti-n,https://www.tripadvisor.co/Attraction_Review-g294074-d590800-Reviews-Portal_de_Museos_de_la_Universidad_Nacional_de_Colombia_Claustro_de_San_Agusti_n-B.html,Bogota
51. Iglesia de la Tercera Orden,https://www.tripadvisor.co/Attraction_Review-g294074-d532218-Reviews-Iglesia_de_la_Tercera_Orden-Bogota.html,Bogota
52. Capitolio Nacional,https://www.tripadvisor.co/Attraction_Review-g294074-d590754-Reviews-Capitolio_Nacional-Bogota.html,Bogota
53. Museo Colonial,https://www.tripadvisor.co/Attraction_Review-g294074-d532213-Reviews-Museo_Colonial-Bogota.html,Bogota
54. Iglesia de San Agustín,https://www.tripadvisor.co/Attraction_Review-g294074-d6902992-Reviews-Church_of_San_Agustin-Bogota.html,Bogota
55. Museo de la Independencia Casa del Florero,https://www.tripadvisor.co/Attraction_Review-g294074-d552764-Reviews-Museo_de_la_Independencia_Casa_del_Florero-Bogota.html,Bogota
56. Anapoima,https://www.tripadvisor.co/Attraction_Review-g294074-d1632987-Reviews-Anapoima-Bogota.html,Bogota
57. Salitre Mágico,https://www.tripadvisor.co/Attraction_Review-g294074-d2587388-Reviews-Salitre_Magico-Bogota.html,Bogota
58. Biblioteca Nacional,https://www.tripadvisor.co/Attraction_Review-g294074-d590756-Reviews-Biblioteca_Nacional-Bogota.html,Bogota
59. Zona T,https://www.tripadvisor.co/Attraction_Review-g294074-d15513871-Reviews-Zona_T-Bogota.html,Bogota
60. DIBS by Culture Shock Colombia,https://www.tripadvisor.co/Attraction_Review-g294074-d9724100-Reviews-DIBS_by_Culture_Shock_Colombia-Bogota.html,Bogota
61. La Casona del Museo,https://www.tripadvisor.co/Attraction_Review-g294074-d3236548-Reviews-La_Casona_del_Museo-Bogota.html,Bogota
62. Maloka Museo Interactivo,https://www.tripadvisor.co/Attraction_Review-g294074-d591504-Reviews-Maloka-Bogota.html,Bogota
63. Parque Mundo Aventura,https://www.tripadvisor.co/Attraction_Review-g294074-d2587408-Reviews-Parque_Mundo_Aventura-Bogota.html,Bogota
64. Santuario Nacional de Nuestra Señora del Carmen,https://www.tripadvisor.co/Attraction_Review-g294074-d9804392-Reviews-Santuario_Nuestra_Senora_del_Carmen-Bogota.html,Bogota
65. Museo Internacional De La Esmeralda,https://www.tripadvisor.co/Attraction_Review-g294074-d2195792-Reviews-Museo_Internacional_De_La_Esmeralda-Bogota.html,Bogota
66. Mercado de las Pulgas de San Alejo,https://www.tripadvisor.co/Attraction_Review-g294074-d3244563-Reviews-Mercado_de_las_Pulgas_de_San_Alejo-Bogota.html,Bogota
67. Estadio Nemesio Camacho,https://www.tripadvisor.co/Attraction_Review-g294074-d1951698-Reviews-Estadio_Nemesio_Camacho-Bogota.html,Bogota
68. Parque El Lago,https://www.tripadvisor.co/Attraction_Review-g294074-d9594039-Reviews-Parque_El_Lago-Bogota.html,Bogota
69. Universidad Nacional de Colombia,https://www.tripadvisor.co/Attraction_Review-g294074-d2537978-Reviews-National_University_of_Colombia-Bogota.html,Bogota
70. Cine Colombia Comercial Av Chile,https://www.tripadvisor.co/Attraction_Review-g294074-d7789229-Reviews-Cine_Colombia_Comercial_Av_Chile-Bogota.html,Bogota
71. Parque Del Chicó,https://www.tripadvisor.co/Attraction_Review-g294074-d6988309-Reviews-Parque_Del_Chico-Bogota.html,Bogota
72. Salto de Tequendama,https://www.tripadvisor.co/Attraction_Review-g294074-d590767-Reviews-Salto_de_Tequendama-Bogota.html,Bogota
2022,https://www.tripadvisor.co/Attraction_Review-g294074-d12881436-Reviews-Awak_Belleza_y_Bienestar-Bogota.html,Bogota
73. Awak Belleza y Bienestar,https://www.tripadvisor.co/Attraction_Review-g294074-d12881436-Reviews-Awak_Belleza_y_Bienestar-Bogota.html,Bogota
74. Museo de Arte Moderno de Bogota,https://www.tripadvisor.co/Attraction_Review-g294074-d532208-Reviews-Museo_de_Arte_Moderno_de_Bogota-Bogota.html,Bogota
75. Galeria La Cometa,https://www.tripadvisor.co/Attraction_Review-g294074-d9986679-Reviews-Galeria_La_Cometa-Bogota.html,Bogota
76. Palacio Arzobispal,https://www.tripadvisor.co/Attraction_Review-g294074-d590787-Reviews-Palacio_Arzobispal-Bogota.html,Bogota
77. Centro Comercial Calima,https://www.tripadvisor.co/Attraction_Review-g294074-d10001541-Reviews-Calima_Centro_Comercial-Bogota.html,Bogota
78. Humedal de Cordoba,https://www.tripadvisor.co/Attraction_Review-g294074-d9788350-Reviews-Humedal_de_Cordoba-Bogota.html,Bogota
79. Museo Arqueologico,https://www.tripadvisor.co/Attraction_Review-g294074-d532211-Reviews-Museo_Arqueologico-Bogota.html,Bogota
80. Centro Internacional,https://www.tripadvisor.co/Attraction_Review-g294074-d592539-Reviews-Centro_Internacional-Bogota.html,Bogota
81. Carrera 7,https://www.tripadvisor.co/Attraction_Review-g294074-d10383159-Reviews-Carrera_7-Bogota.html,Bogota
82. Street Lynx Bta,https://www.tripadvisor.co/Attraction_Review-g294074-d14995672-Reviews-Street_Lynx_Bta-Bogota.html,Bogota
83. Multiplaza Bogota,https://www.tripadvisor.co/Attraction_Review-g294074-d12635589-Reviews-Multiplaza_Bogota-Bogota.html,Bogota
84. Pasaje Rivas,https://www.tripadvisor.co/Attraction_Review-g294074-d9851850-Reviews-Pasaje_Rivas-Bogota.html,Bogota
85. Plaza de Toros Santamaria,https://www.tripadvisor.co/Attraction_Review-g294074-d532216-Reviews-Plaza_de_Toros_Santamaria-Bogota.html,Bogota
86. Cablecar in Bogotá,https://www.tripadvisor.co/Attraction_Review-g294074-d15887239-Reviews-Cablecar_in_Bogota-Bogota.html,Bogota
87. Museo de Artes Gráficas,https://www.tripadvisor.co/Attraction_Review-g294074-d6438658-Reviews-Museo_de_Artes_Graficas-Bogota.html,Bogota
88. Park Way,https://www.tripadvisor.co/Attraction_Review-g294074-d8736727-Reviews-Park_Way-Bogota.html,Bogota
89. Plaza De Las Américas,https://www.tripadvisor.co/Attraction_Review-g294074-d10920353-Reviews-Plaza_De_Las_Americas-Bogota.html,Bogota
90. Museo de Trajes,https://www.tripadvisor.co/Attraction_Review-g294074-d6184804-Reviews-Museo_de_Trajes_Regionales-Bogota.html,Bogota
91. Salitre Plaza Centro Comercial,https://www.tripadvisor.co/Attraction_Review-g294074-d8400689-Reviews-Salitre_Plaza_Centro_Comercial-Bogota.html,Bogota
92. Museo De La Universidad Del Rosario,https://www.tripadvisor.co/Attraction_Review-g294074-d13970906-Reviews-Museo_De_La_Universidad_Del_Rosario-Bogota.html,Bogota
93. Parque de Los Novios,https://www.tripadvisor.co/Attraction_Review-g294074-d12994016-Reviews-Parque_de_Los_Novios-Bogota.html,Bogota
94. Xcape,https://www.tripadvisor.co/Attraction_Review-g294074-d10612268-Reviews-Xcape-Bogota.html,Bogota
95. Iglesia de Nuestra Senora de Las Nieves,https://www.tripadvisor.co/Attraction_Review-g294074-d8663630-Reviews-Iglesia_de_Nuestra_Senora_de_Las_Nieves-Bogota.html,Bogota
96. Centro Comercial Santa Ana,https://www.tripadvisor.co/Attraction_Review-g294074-d3948626-Reviews-Centro_Comercial_Santa_Ana-Bogota.html,Bogota
97. Cementerio Central,https://www.tripadvisor.co/Attraction_Review-g294074-d8852580-Reviews-Cementerio_Central-Bogota.html,Bogota
98. Laguna de Ubaque,https://www.tripadvisor.co/Attraction_Review-g294074-d10330785-Reviews-Laguna_de_Ubaque-Bogota.html,Bogota
99. Terror Games,https://www.tripadvisor.co/Attraction_Review-g294074-d23601131-Reviews-Terror_Games-Bogota.html,Bogota
100. Teatro municipal Jorge Eliecer Gaitan,https://www.tripadvisor.co/Attraction_Review-g294074-d7722774-Reviews-Teatro_municipal_Jorge_Eliecer_Gaitan-Bogota.html,Bogota
101. Paramo de Sumapaz,https://www.tripadvisor.co/Attraction_Review-g294074-d12291659-Reviews-Paramo_de_Sumapaz-Bogota.html,Bogota
102. Parque Central Bavaria,https://www.tripadvisor.co/Attraction_Review-g294074-d7722775-Reviews-Parque_Central_Bavaria-Bogota.html,Bogota
103. Museo Del 20 De Julio,https://www.tripadvisor.co/Attraction_Review-g294074-d3836876-Reviews-Museo_Del_20_De_Julio-Bogota.html,Bogota
104. Centro Comercial Atlantis Plaza,https://www.tripadvisor.co/Attraction_Review-g294074-d4022747-Reviews-Centro_Comercial_Atlantis_Plaza-Bogota.html,Bogota
105. Palacio Echeverry,https://www.tripadvisor.co/Attraction_Review-g294074-d590783-Reviews-Palacio_Echeverry-Bogota.html,Bogota
106. Quebrada San Francisco o Vicachá,https://www.tripadvisor.co/Attraction_Review-g294074-d10227734-Reviews-Quebrada_San_Francisco_o_Vicacha-Bogota.html,Bogota
107. Auditorio Leon de Greiff,https://www.tripadvisor.co/Attraction_Review-g294074-d7726546-Reviews-Auditorio_Leon_de_Greiff-Bogota.html,Bogota
108. Parque Entre Nubes,https://www.tripadvisor.co/Attraction_Review-g294074-d4420038-Reviews-Parque_Entre_Nubes-Bogota.html,Bogota
109. Teatro Cafam de Bellas Artes,https://www.tripadvisor.co/Attraction_Review-g294074-d12213812-Reviews-Teatro_Cafam_de_Bellas_Artes-Bogota.html,Bogota
110. Teatro Nacional La Castellana,https://www.tripadvisor.co/Attraction_Review-g294074-d10070360-Reviews-Teatro_Nacional_La_Castellana-Bogota.html,Bogota
111. Teatro de Garaje,https://www.tripadvisor.co/Attraction_Review-g294074-d3844906-Reviews-Teatro_de_Garaje-Bogota.html,Bogota
112. Humedal La Conejera,https://www.tripadvisor.co/Attraction_Review-g294074-d7032263-Reviews-Humedal_La_Conejera-Bogota.html,Bogota
113. Colegio Mayor San Bartolome,https://www.tripadvisor.co/Attraction_Review-g294074-d8736729-Reviews-Colegio_Mayor_San_Bartolome-Bogota.html,Bogota
114. Avenida El Dorado,https://www.tripadvisor.co/Attraction_Review-g294074-d8685887-Reviews-Avenida_El_Dorado-Bogota.html,Bogota
115. Palacio de San Francisco,https://www.tripadvisor.co/Attraction_Review-g294074-d590776-Reviews-Palacio_de_San_Francisco-Bogota.html,Bogota
116. Centro Internacional de Negocios y Exposiciones,https://www.tripadvisor.co/Attraction_Review-g294074-d8747537-Reviews-Centro_Internacional_de_Negocios_y_Exposiciones-Bogota.html,Bogota
117. experiencia de cocina colombiana,https://www.tripadvisor.co/Attraction_Review-g294074-d13485209-Reviews-Colombia_Cooking_Experience-Bogota.html,Bogota
118. Parque Timiza,https://www.tripadvisor.co/Attraction_Review-g294074-d7038334-Reviews-Parque_Timiza-Bogota.html,Bogota
119. Museo de la Moneda,https://www.tripadvisor.co/Attraction_Review-g294074-d13158093-Reviews-Museo_de_la_Moneda-Bogota.html,Bogota
120. Worldwide Travel Services,https://www.tripadvisor.co/Attraction_Review-g294074-d21168369-Reviews-Worldwide_Travel_Services-Bogota.html,Bogota
121. Hacienda Santa Barbara,https://www.tripadvisor.co/Attraction_Review-g294074-d1378680-Reviews-Hacienda_Santa_Barbara-Bogota.html,Bogota
122. Palacio de San Carlos,https://www.tripadvisor.co/Attraction_Review-g294074-d590778-Reviews-Palacio_de_San_Carlos-Bogota.html,Bogota
123. Centro Comercial Parque La Colina,https://www.tripadvisor.co/Attraction_Review-g294074-d12193484-Reviews-Centro_Comercial_Parque_La_Colina-Bogota.html,Bogota
124. Baw Thai Spa - Santa Barbara,https://www.tripadvisor.co/Attraction_Review-g294074-d9873671-Reviews-Baw_Thai_Spa_Santa_Barbara-Bogota.html,Bogota
125. Centro Comercial Portal 80,https://www.tripadvisor.co/Attraction_Review-g294074-d9851358-Reviews-Centro_Comercial_Portal_80-Bogota.html,Bogota
126. Las Moyas,https://www.tripadvisor.co/Attraction_Review-g294074-d9727659-Reviews-Las_Moyas-Bogota.html,Bogota
127. Iglesia de Egipto,https://www.tripadvisor.co/Attraction_Review-g294074-d7722773-Reviews-Iglesia_de_Egipto-Bogota.html,Bogota
128. Reserva Privada Rosales - Las Moyas,https://www.tripadvisor.co/Attraction_Review-g294074-d23964070-Reviews-Reserva_Privada_Rosales_Las_Moyas-Bogota.html,Bogota
129. Casa de Poesia Silva,https://www.tripadvisor.co/Attraction_Review-g294074-d5418326-Reviews-Casa_de_Poesia_Silva-Bogota.html,Bogota
130. Humedal Santa María del Lago,https://www.tripadvisor.co/Attraction_Review-g294074-d7038392-Reviews-Humedal_Santa_Maria_del_Lago-Bogota.html,Bogota
131. Guadalupe Hill,https://www.tripadvisor.co/Attraction_Review-g294074-d6925718-Reviews-Guadalupe_Hill-Bogota.html,Bogota
132. Museo de los Ninos,https://www.tripadvisor.co/Attraction_Review-g294074-d590798-Reviews-Museo_de_los_Ninos-Bogota.html,Bogota
133. Parque Mirador de Los Nevados,https://www.tripadvisor.co/Attraction_Review-g294074-d7032266-Reviews-Parque_Mirador_de_Los_Nevados-Bogota.html,Bogota
134. Iglesia de la Veracruz,https://www.tripadvisor.co/Attraction_Review-g294074-d7901081-Reviews-Iglesia_de_la_Veracruz-Bogota.html,Bogota
135. Hayuelos Centro Comercial y Empresarial,https://www.tripadvisor.co/Attraction_Review-g294074-d8016432-Reviews-Hayuelos_Centro_Comercial_y_Empresarial-Bogota.html,Bogota
136. Parque Nacional Enrique Olaya Herrera,https://www.tripadvisor.co/Attraction_Review-g294074-d9463320-Reviews-Parque_Nacional_Enrique_Olaya_Herrera-Bogota.html,Bogota
137. Parque Nacional Natural Chingaza,https://www.tripadvisor.co/Attraction_Review-g294074-d13373412-Reviews-Parque_Nacional_Natural_Chingaza-Bogota.html,Bogota
138. Parque Ecologico Matarredonda,https://www.tripadvisor.co/Attraction_Review-g294074-d13387537-Reviews-Parque_Ecologico_Matarredonda-Bogota.html,Bogota
139. G Lounge Golf Indoor & Cocktail Bar,https://www.tripadvisor.co/Attraction_Review-g294074-d23609356-Reviews-G_Lounge_Golf_Indoor_Cocktail_Bar-Bogota.html,Bogota
140. Iglesia Nuestra Señora de las Aguas,https://www.tripadvisor.co/Attraction_Review-g294074-d8857129-Reviews-Iglesia_Nuestra_Senora_de_las_Aguas-Bogota.html,Bogota
141. Quebrada Las Delicias,https://www.tripadvisor.co/Attraction_Review-g294074-d8595681-Reviews-Quebrada_Las_Delicias-Bogota.html,Bogota
142. Bulevar Centro Comercial,https://www.tripadvisor.co/Attraction_Review-g294074-d3675889-Reviews-Bulevar_Centro_Comercial-Bogota.html,Bogota
143. Iglesia de la Concepcion,https://www.tripadvisor.co/Attraction_Review-g294074-d9851253-Reviews-Iglesia_de_la_Concepcion-Bogota.html,Bogota
2022,https://www.tripadvisor.co/Attraction_Review-g294074-d12231121-Reviews-Vishnu_Spa-Bogota.html,Bogota
144. Vishnu Spa,https://www.tripadvisor.co/Attraction_Review-g294074-d12231121-Reviews-Vishnu_Spa-Bogota.html,Bogota
145. Jorge Eliecer Gaitan Monument,https://www.tripadvisor.co/Attraction_Review-g294074-d1518967-Reviews-Jorge_Eliecer_Gaitan_Monument-Bogota.html,Bogota
146. BBC Bodega Calle 63,https://www.tripadvisor.co/Attraction_Review-g294074-d15044168-Reviews-BBC_Bodega_Calle_63-Bogota.html,Bogota
147. 3 Cordilleras,https://www.tripadvisor.co/Attraction_Review-g294074-d20300621-Reviews-3_Cordilleras-Bogota.html,Bogota
148. Parque Ciudad Montes,https://www.tripadvisor.co/Attraction_Review-g294074-d8855652-Reviews-Parque_Ciudad_Montes-Bogota.html,Bogota
149. Avenida Jimenez,https://www.tripadvisor.co/Attraction_Review-g294074-d6960978-Reviews-Avenida_Jimenez-Bogota.html,Bogota
150. Centro Comercial Unilago,https://www.tripadvisor.co/Attraction_Review-g294074-d8779708-Reviews-Centro_Comercial_Unilago-Bogota.html,Bogota
151. Kandu,https://www.tripadvisor.co/Attraction_Review-g294074-d7290785-Reviews-Kandu-Bogota.html,Bogota
152. Iglesia Santa Bárbara de Usaquén,https://www.tripadvisor.co/Attraction_Review-g294074-d8723420-Reviews-Iglesia_Santa_Barbara_de_Usaquen-Bogota.html,Bogota
153. Parque Sauzalito,https://www.tripadvisor.co/Attraction_Review-g294074-d7038262-Reviews-Parque_Sauzalito-Bogota.html,Bogota
154. Centro Comercial Plaza Central,https://www.tripadvisor.co/Attraction_Review-g294074-d13275723-Reviews-Centro_Comercial_Plaza_Central-Bogota.html,Bogota
155. Boho Expo,https://www.tripadvisor.co/Attraction_Review-g294074-d16667748-Reviews-Boho_Expo-Bogota.html,Bogota
156. Biblioteca Pública El Tintal Manuel Zapata Olivella,https://www.tripadvisor.co/Attraction_Review-g294074-d8727951-Reviews-Biblioteca_Publica_El_Tintal_Manuel_Zapata_Olivella-Bogota.html,Bogota
157. Iglesia San Ignacio de Loyola,https://www.tripadvisor.co/Attraction_Review-g294074-d7913159-Reviews-Iglesia_San_Ignacio_de_Loyola-Bogota.html,Bogota
158. Centro Comercial Palatino,https://www.tripadvisor.co/Attraction_Review-g294074-d8457756-Reviews-Centro_Comercial_Palatino-Bogota.html,Bogota
159. Zoologico de Santa Cruz,https://www.tripadvisor.co/Attraction_Review-g294074-d590758-Reviews-Zoologico_de_Santa_Cruz-Bogota.html,Bogota
160. Rosario university,https://www.tripadvisor.co/Attraction_Review-g294074-d10381357-Reviews-Rosario_university-Bogota.html,Bogota
161. Museo Nacional de Colombia Fragmentos,https://www.tripadvisor.co/Attraction_Review-g294074-d15759704-Reviews-Museo_Nacional_de_Colombia_Fragmentos-Bogota.html,Bogota
162. Iglesia de San Diego,https://www.tripadvisor.co/Attraction_Review-g294074-d8710205-Reviews-Iglesia_de_San_Diego-Bogota.html,Bogota
163. Parque El Country,https://www.tripadvisor.co/Attraction_Review-g294074-d8855651-Reviews-Parque_El_Country-Bogota.html,Bogota
164. Huerta Coctelería Artesanal,https://www.tripadvisor.co/Attraction_Review-g294074-d10440409-Reviews-Huerta_Cocteleria_Artesanal-Bogota.html,Bogota
165. Theatron,https://www.tripadvisor.co/Attraction_Review-g294074-d3849793-Reviews-Theatron-Bogota.html,Bogota
166. Parque de los Periodistas Gabriel García Márquez,https://www.tripadvisor.co/Attraction_Review-g294074-d7032271-Reviews-Parque_de_los_Periodistas_Gabriel_Garcia_Marquez-Bogota.html,Bogota
167. Movistar Arena,https://www.tripadvisor.co/Attraction_Review-g294074-d9463860-Reviews-Movistar_Arena-Bogota.html,Bogota
168. Palacio Lievano,https://www.tripadvisor.co/Attraction_Review-g294074-d7722776-Reviews-Palacio_Lievano-Bogota.html,Bogota
169. Ciudad Salitre,https://www.tripadvisor.co/Attraction_Review-g294074-d7032254-Reviews-Ciudad_Salitre-Bogota.html,Bogota
170. Muzem Emeralds,https://www.tripadvisor.co/Attraction_Review-g294074-d13431986-Reviews-Muzem_Emeralds-Bogota.html,Bogota
171. Tu Baile - Dance School & Events,https://www.tripadvisor.co/Attraction_Review-g294074-d19144156-Reviews-Tu_Baile_Dance_School_Events-Bogota.html,Bogota
172. JW Marriott Hotel Bogota Spa,https://www.tripadvisor.co/Attraction_Review-g294074-d9716488-Reviews-The_SPA_at_JW_Marriott_Hotel_Bogota-Bogota.html,Bogota
173. Museo De La Fiscalía,https://www.tripadvisor.co/Attraction_Review-g294074-d17675688-Reviews-Museo_De_La_Fiscalia-Bogota.html,Bogota
174. BBC Bodega Chico,https://www.tripadvisor.co/Attraction_Review-g294074-d15044529-Reviews-BBC_Bodega_Chico-Bogota.html,Bogota
175. Indoor Kart La Pista,https://www.tripadvisor.co/Attraction_Review-g294074-d9851368-Reviews-Indoor_Kart_La_Pista-Bogota.html,Bogota
176. Parque de la Independencia,https://www.tripadvisor.co/Attraction_Review-g294074-d7058174-Reviews-Parque_de_la_Independencia-Bogota.html,Bogota
177. Zula,https://www.tripadvisor.co/Attraction_Review-g294074-d23791318-Reviews-Zula-Bogota.html,Bogota
178. BBC Bodega Terraza Pasteur,https://www.tripadvisor.co/Attraction_Review-g294074-d15044148-Reviews-BBC_Bodega_Terraza_Pasteur-Bogota.html,Bogota
2022,https://www.tripadvisor.co/Attraction_Review-g294074-d6899636-Reviews-Beyond_Colombia_Free_Walking_Tour_Bogota-Bogota.html,Bogota
179. Beyond Colombia Free Walking Tour Bogotá,https://www.tripadvisor.co/Attraction_Review-g294074-d6899636-Reviews-Beyond_Colombia_Free_Walking_Tour_Bogota-Bogota.html,Bogota
180. Iglesia Santa Barbara,https://www.tripadvisor.co/Attraction_Review-g294074-d7901085-Reviews-Iglesia_Santa_Barbara-Bogota.html,Bogota
2022,https://www.tripadvisor.co/Attraction_Review-g294074-d15309344-Reviews-Zaitania_Spa-Bogota.html,Bogota
181. Zaitania Spa,https://www.tripadvisor.co/Attraction_Review-g294074-d15309344-Reviews-Zaitania_Spa-Bogota.html,Bogota
182. Cerveceria Manigua,https://www.tripadvisor.co/Attraction_Review-g294074-d10489156-Reviews-Cerveceria_Manigua-Bogota.html,Bogota
183. Outlet Centro Comercial Bima,https://www.tripadvisor.co/Attraction_Review-g294074-d3841343-Reviews-Outlet_Centro_Comercial_Bima-Bogota.html,Bogota
184. Centro de Memoria y Reconciliacion,https://www.tripadvisor.co/Attraction_Review-g294074-d5480636-Reviews-Centro_de_Memoria_y_Reconciliacion-Bogota.html,Bogota
185. University of Los Andes,https://www.tripadvisor.co/Attraction_Review-g294074-d10070373-Reviews-University_of_Los_Andes-Bogota.html,Bogota
186. Monumento a Simon Bolivar,https://www.tripadvisor.co/Attraction_Review-g294074-d8857426-Reviews-Monumento_a_Simon_Bolivar-Bogota.html,Bogota
187. Palacio de Justicia,https://www.tripadvisor.co/Attraction_Review-g294074-d8726505-Reviews-Palacio_de_Justicia-Bogota.html,Bogota
188. Agora Bogota,https://www.tripadvisor.co/Attraction_Review-g294074-d15207210-Reviews-Agora_Bogota-Bogota.html,Bogota
189. Quebrada la Vieja,https://www.tripadvisor.co/Attraction_Review-g294074-d12834369-Reviews-Quebrada_la_Vieja-Bogota.html,Bogota
190. Bogothai Massage,https://www.tripadvisor.co/Attraction_Review-g294074-d12707252-Reviews-BogoTHAI_Massage-Bogota.html,Bogota
191. Centro Comercial Gran Estacion,https://www.tripadvisor.co/Attraction_Review-g294074-d5949506-Reviews-Centro_Comercial_Gran_Estacion-Bogota.html,Bogota
192. Museo de Bogotá,https://www.tripadvisor.co/Attraction_Review-g294074-d8098371-Reviews-Museo_de_Bogota-Bogota.html,Bogota
193. Avenida Chile Centro Comercial y Financiero,https://www.tripadvisor.co/Attraction_Review-g294074-d13009540-Reviews-Avenida_Chile_Centro_Comercial_y_Financiero-Bogota.html,Bogota
194. Catedral de Fontibon,https://www.tripadvisor.co/Attraction_Review-g294074-d7980876-Reviews-Catedral_de_Fontibon-Bogota.html,Bogota
195. Trap Escape Room,https://www.tripadvisor.co/Attraction_Review-g294074-d7682663-Reviews-Trap_Escape_Room-Bogota.html,Bogota
2022,https://www.tripadvisor.co/Attraction_Review-g294074-d10509731-Reviews-Escape_Room_Colombia-Bogota.html,Bogota
196. Escape Room Colombia,https://www.tripadvisor.co/Attraction_Review-g294074-d10509731-Reviews-Escape_Room_Colombia-Bogota.html,Bogota
197. Plazoleta del Rosario,https://www.tripadvisor.co/Attraction_Review-g294074-d3663202-Reviews-Plazoleta_del_Rosario-Bogota.html,Bogota
198. Emerald By Love,https://www.tripadvisor.co/Attraction_Review-g294074-d14598043-Reviews-Emerald_By_Love-Bogota.html,Bogota
2022,https://www.tripadvisor.co/Attraction_Review-g294074-d3708157-Reviews-The_Original_Bogota_Graffiti_Tour-Bogota.html,Bogota
199. The Original Bogota Graffiti Tour,https://www.tripadvisor.co/Attraction_Review-g294074-d3708157-Reviews-The_Original_Bogota_Graffiti_Tour-Bogota.html,Bogota
200. Plaza de Lourdes,https://www.tripadvisor.co/Attraction_Review-g294074-d7726541-Reviews-Plaza_de_Lourdes-Bogota.html,Bogota
201. Eje Ambiental,https://www.tripadvisor.co/Attraction_Review-g294074-d8736728-Reviews-Eje_Ambiental-Bogota.html,Bogota
202. Serenity Float Center,https://www.tripadvisor.co/Attraction_Review-g294074-d10497981-Reviews-Serenity_Float_Center_Centro_de_Flotacion_Bogota-Bogota.html,Bogota
203. Bogota Bike Tours,https://www.tripadvisor.co/Attraction_Review-g294074-d1517391-Reviews-Bogota_Bike_Tours-Bogota.html,Bogota
204. Riding Colombia,https://www.tripadvisor.co/Attraction_Review-g294074-d3641366-Reviews-Riding_Colombia-Bogota.html,Bogota
205. Academia Son Rumbero,https://www.tripadvisor.co/Attraction_Review-g294074-d19240996-Reviews-Academia_Son_Rumbero-Bogota.html,Bogota
206. Escape Room Sal Si Puedes,https://www.tripadvisor.co/Attraction_Review-g294074-d13430032-Reviews-Escape_Room_Sal_Si_Puedes-Bogota.html,Bogota
207. Gran Colombia Tours,https://www.tripadvisor.co/Attraction_Review-g294074-d12301108-Reviews-Gran_Colombia_Tours-Bogota.html,Bogota
208. The True Colombian Experience,https://www.tripadvisor.co/Attraction_Review-g294074-d8783649-Reviews-The_True_Colombian_Experience-Bogota.html,Bogota
209. Presea,https://www.tripadvisor.co/Attraction_Review-g294074-d12938346-Reviews-Presea-Bogota.html,Bogota
210. Clandestino Club,https://www.tripadvisor.co/Attraction_Review-g294074-d14799852-Reviews-Clandestino_Club-Bogota.html,Bogota
211. Titan plaza,https://www.tripadvisor.co/Attraction_Review-g294074-d4739022-Reviews-Titan_plaza-Bogota.html,Bogota
212. Spacio Vivo,https://www.tripadvisor.co/Attraction_Review-g294074-d24925741-Reviews-Spacio_Vivo-Bogota.html,Bogota
213. Hansa Tours,https://www.tripadvisor.co/Attraction_Review-g294074-d2471459-Reviews-Hansa_Tours-Bogota.html,Bogota
214. Reyna Bar,https://www.tripadvisor.co/Attraction_Review-g294074-d23817456-Reviews-Reyna_Bar-Bogota.html,Bogota
215. Valle verde Horse Riding,https://www.tripadvisor.co/Attraction_Review-g294074-d11884549-Reviews-Valle_Verde_Horse_Riding-Bogota.html,Bogota
216. Shivana,https://www.tripadvisor.co/Attraction_Review-g294074-d9568074-Reviews-Shivana-Bogota.html,Bogota
217. Club Octava,https://www.tripadvisor.co/Attraction_Review-g294074-d10839080-Reviews-Octava_Club-Bogota.html,Bogota
218. Multiparque,https://www.tripadvisor.co/Attraction_Review-g294074-d4058922-Reviews-Multiparque-Bogota.html,Bogota
219. Wellness Spa Movil Center,https://www.tripadvisor.co/Attraction_Review-g294074-d7696567-Reviews-Wellness_Spa_Movil_Center-Bogota.html,Bogota
220. Red Room,https://www.tripadvisor.co/Attraction_Review-g294074-d10081090-Reviews-Red_Room-Bogota.html,Bogota
221. Marimbea - Experience traditional Afro-Colombian music and food,https://www.tripadvisor.co/Attraction_Review-g294074-d15856606-Reviews-Marimbea_Experience_traditional_Afro_Colombian_music_and_food-Bogota.html,Bogota
222. Gringo Tuesdays,https://www.tripadvisor.co/Attraction_Review-g294074-d8592083-Reviews-Gringo_Tuesdays_Bogota-Bogota.html,Bogota
223. El Bukowski,https://www.tripadvisor.co/Attraction_Review-g294074-d12007205-Reviews-El_Bukowski-Bogota.html,Bogota
224. Spa des éléments,https://www.tripadvisor.co/Attraction_Review-g294074-d13310130-Reviews-Spa_des_Elements-Bogota.html,Bogota
225. Pure Massage Bogotá,https://www.tripadvisor.co/Attraction_Review-g294074-d12568915-Reviews-Pure_Massage_Bogota-Bogota.html,Bogota
226. Las Flores de Valeria,https://www.tripadvisor.co/Attraction_Review-g294074-d6415641-Reviews-Las_Flores_de_Valeria-Bogota.html,Bogota
227. Biking Bogotá,https://www.tripadvisor.co/Attraction_Review-g294074-d9792328-Reviews-Biking_Bogota-Bogota.html,Bogota
228. Pedro Mandinga Rum Bar,https://www.tripadvisor.co/Attraction_Review-g294074-d14002743-Reviews-Pedro_Mandinga_Rum_Bar-Bogota.html,Bogota
229. Das Haus,https://www.tripadvisor.co/Attraction_Review-g294074-d10200960-Reviews-Das_Haus-Bogota.html,Bogota
230. Neutra Bienestar,https://www.tripadvisor.co/Attraction_Review-g294074-d8399415-Reviews-Neutra_Bienestar-Bogota.html,Bogota
231. Centro Comercial Unicentro Bogota,https://www.tripadvisor.co/Attraction_Review-g294074-d7198562-Reviews-Centro_Comercial_Unicentro_Bogota-Bogota.html,Bogota
232. Impulse Travel,https://www.tripadvisor.co/Attraction_Review-g294074-d2208975-Reviews-Impulse_Travel-Bogota.html,Bogota
233. Club Campestre Guaymaral,https://www.tripadvisor.co/Attraction_Review-g294074-d2619930-Reviews-Club_Campestre_Guaymaral-Bogota.html,Bogota
234. Casa Santamaría,https://www.tripadvisor.co/Attraction_Review-g294074-d10489111-Reviews-Casa_Santamaria-Bogota.html,Bogota
235. El Cuchitril - Second Hand Shop,https://www.tripadvisor.co/Attraction_Review-g294074-d10860342-Reviews-El_Cuchitril_Second_Hand_Shop-Bogota.html,Bogota
236. Cinema Paraiso,https://www.tripadvisor.co/Attraction_Review-g294074-d6554916-Reviews-Cinema_Paraiso-Bogota.html,Bogota
237. La Negra Bar,https://www.tripadvisor.co/Attraction_Review-g294074-d7052967-Reviews-La_Negra-Bogota.html,Bogota
238. ANVIO,https://www.tripadvisor.co/Attraction_Review-g294074-d19865608-Reviews-ANVIO-Bogota.html,Bogota
239. Village Cafe Bogota,https://www.tripadvisor.co/Attraction_Review-g294074-d5996916-Reviews-Village_Cafe_Bogota-Bogota.html,Bogota
240. Metrónomo Bar,https://www.tripadvisor.co/Attraction_Review-g294074-d25149895-Reviews-Metronomo_Gastronomy_Cocktail_Bar-Bogota.html,Bogota
241. Punta y Taco,https://www.tripadvisor.co/Attraction_Review-g294074-d16673856-Reviews-Punta_y_Taco-Bogota.html,Bogota
242. Andes EcoTours,https://www.tripadvisor.co/Attraction_Review-g294074-d3644534-Reviews-Andes_EcoTours-Bogota.html,Bogota
243. IMAX Procinal,https://www.tripadvisor.co/Attraction_Review-g294074-d4028524-Reviews-IMAX_Procinal-Bogota.html,Bogota
244. Monaco Rooftop,https://www.tripadvisor.co/Attraction_Review-g294074-d24023869-Reviews-Monaco_Rooftop-Bogota.html,Bogota
245. Smash Boxing,https://www.tripadvisor.co/Attraction_Review-g294074-d19087174-Reviews-Smash_Boxing-Bogota.html,Bogota
246. Vitrina Guayca,https://www.tripadvisor.co/Attraction_Review-g294074-d12805709-Reviews-Vitrina_Guayca-Bogota.html,Bogota
247. Federal Rooftop,https://www.tripadvisor.co/Attraction_Review-g294074-d23701789-Reviews-Federal_Rooftop-Bogota.html,Bogota
248. Bogotravel Tours,https://www.tripadvisor.co/Attraction_Review-g294074-d1747519-Reviews-Bogotravel_Tours-Bogota.html,Bogota
249. Sargento Pimienta,https://www.tripadvisor.co/Attraction_Review-g294074-d25337511-Reviews-Sargento_Pimienta-Bogota.html,Bogota
250. Cine Colombia Dinamix,https://www.tripadvisor.co/Attraction_Review-g294074-d7225889-Reviews-Cine_Colombia_Dinamix-Bogota.html,Bogota
251. Tours Bogota Driver Guide Service,https://www.tripadvisor.co/Attraction_Review-g294074-d13343915-Reviews-Tours_Bogota_Driver_Guide_Service-Bogota.html,Bogota
252. Vintrash,https://www.tripadvisor.co/Attraction_Review-g294074-d14803837-Reviews-Vintrash-Bogota.html,Bogota
253. Elbeco Cervezas De Autor,https://www.tripadvisor.co/Attraction_Review-g294074-d18844541-Reviews-Elbeco_Cervezas_De_Autor-Bogota.html,Bogota
254. La Madriguera del Conejo Librería,https://www.tripadvisor.co/Attraction_Review-g294074-d2531606-Reviews-La_Madriguera_del_Conejo_Libreria-Bogota.html,Bogota
255. Centro comercial el retiro,https://www.tripadvisor.co/Attraction_Review-g294074-d4598021-Reviews-Centro_comercial_el_retiro-Bogota.html,Bogota
256. Capital Graffiti Tours,https://www.tripadvisor.co/Attraction_Review-g294074-d24172658-Reviews-Capital_Graffiti_Tours-Bogota.html,Bogota
257. Chairama Spa,https://www.tripadvisor.co/Attraction_Review-g294074-d7257422-Reviews-Chairama_Spa-Bogota.html,Bogota
258. Aluzz,https://www.tripadvisor.co/Attraction_Review-g294074-d23644596-Reviews-Aluzz-Bogota.html,Bogota
259. Montana Ecological Tourism,https://www.tripadvisor.co/Attraction_Review-g294074-d15554838-Reviews-Montana_Ecological_Tourism-Bogota.html,Bogota
2022,https://www.tripadvisor.co/Attraction_Review-g294074-d10054265-Reviews-Colombian_Buddy-Bogota.html,Bogota
260. Colombian Buddy,https://www.tripadvisor.co/Attraction_Review-g294074-d10054265-Reviews-Colombian_Buddy-Bogota.html,Bogota
261. Bumperz Colombia - Bubble Soccer,https://www.tripadvisor.co/Attraction_Review-g294074-d8330548-Reviews-Bumperz_Colombia_Bubble_Soccer_Futbol_Burbuja-Bogota.html,Bogota
262. Chaló Chaló,https://www.tripadvisor.co/Attraction_Review-g294074-d16783639-Reviews-Chalo_Chalo-Bogota.html,Bogota
263. 4.40 Music Hall,https://www.tripadvisor.co/Attraction_Review-g294074-d10171253-Reviews-4_40_Music_Hall-Bogota.html,Bogota
264. Country Club de Bogota,https://www.tripadvisor.co/Attraction_Review-g294074-d4788446-Reviews-Country_Club_de_Bogota-Bogota.html,Bogota
265. Btá Capital,https://www.tripadvisor.co/Attraction_Review-g294074-d8811343-Reviews-Bta_Capital-Bogota.html,Bogota
266. Casa Quiebra Canto,https://www.tripadvisor.co/Attraction_Review-g294074-d6895688-Reviews-Casa_Quiebra_Canto-Bogota.html,Bogota
267. Artesanías Y Regalos - Arlen Siu,https://www.tripadvisor.co/Attraction_Review-g294074-d25074297-Reviews-Artesanias_Y_Regalos_Arlen_Siu-Bogota.html,Bogota
268. Bogotá Pass,https://www.tripadvisor.co/Attraction_Review-g294074-d7736395-Reviews-Bogota_Pass-Bogota.html,Bogota
269. Compensar calle 94,https://www.tripadvisor.co/Attraction_Review-g294074-d4037730-Reviews-Compensar_calle_94-Bogota.html,Bogota
270. Intihuatana Spa Mágico,https://www.tripadvisor.co/Attraction_Review-g294074-d4058967-Reviews-Intihuatana_Spa_Magico-Bogota.html,Bogota
361. The Colombian Way Bogotá City Tour,https://www.tripadvisor.co/Attraction_Review-g294074-d3581700-Reviews-The_Colombian_Way_Bogota_City_Tour-Bogota.html,Bogota
362. Condor Tours,https://www.tripadvisor.co/Attraction_Review-g294074-d24059736-Reviews-Condor_Tours-Bogota.html,Bogota
363. Tours of Colombia - Day Tours,https://www.tripadvisor.co/Attraction_Review-g294074-d2173034-Reviews-Tours_of_Colombia_Day_Tours-Bogota.html,Bogota
364. Zoonörama Studio,https://www.tripadvisor.co/Attraction_Review-g294074-d25337601-Reviews-Zoonorama_Studio-Bogota.html,Bogota
365. Outlanders Colombia,https://www.tripadvisor.co/Attraction_Review-g294074-d15873442-Reviews-Outlanders_Colombia-Bogota.html,Bogota
366. Imagine your Bogota,https://www.tripadvisor.co/Attraction_Review-g294074-d19096331-Reviews-Imagine_your_Bogota-Bogota.html,Bogota
367. Free Bogota Walking Tours,https://www.tripadvisor.co/Attraction_Review-g294074-d7282353-Reviews-Free_Bogota_Walking_Tours-Bogota.html,Bogota
368. Caminantes del Retorno,https://www.tripadvisor.co/Attraction_Review-g294074-d6620861-Reviews-Retorno_travel-Bogota.html,Bogota
369. Aracanto Colombia,https://www.tripadvisor.co/Attraction_Review-g294074-d17578727-Reviews-Aracanto_Colombia-Bogota.html,Bogota
2022,https://www.tripadvisor.co/Attraction_Review-g294074-d13423179-Reviews-Tours_Ruta_45-Bogota.html,Bogota
370. Tours Ruta 45,https://www.tripadvisor.co/Attraction_Review-g294074-d13423179-Reviews-Tours_Ruta_45-Bogota.html,Bogota
371. Colombian Emerald Tours,https://www.tripadvisor.co/Attraction_Review-g294074-d7187528-Reviews-Colombian_Emerald_Tours-Bogota.html,Bogota
372. Bogota Chirriada,https://www.tripadvisor.co/Attraction_Review-g294074-d7997638-Reviews-Bogota_Chirriada-Bogota.html,Bogota
373. Free Walking Tour,https://www.tripadvisor.co/Attraction_Review-g294074-d12406182-Reviews-Free_Walking_Tour-Bogota.html,Bogota
374. Criadero Lusitania,https://www.tripadvisor.co/Attraction_Review-g294074-d22861322-Reviews-Criadero_Lusitania-Bogota.html,Bogota
375. Tejo La Embajada,https://www.tripadvisor.co/Attraction_Review-g294074-d19769800-Reviews-Tejo_La_Embajada-Bogota.html,Bogota
376. Nueva Lengua - Tours,https://www.tripadvisor.co/Attraction_Review-g294074-d10837620-Reviews-Nueva_Lengua_Tours-Bogota.html,Bogota
377. Town Experiences,https://www.tripadvisor.co/Attraction_Review-g294074-d17392815-Reviews-Town_Experiences-Bogota.html,Bogota
378. AE Colombia Travel,https://www.tripadvisor.co/Attraction_Review-g294074-d13437241-Reviews-AE_Colombia_Travel-Bogota.html,Bogota
379. Virage Travel,https://www.tripadvisor.co/Attraction_Review-g294074-d17760957-Reviews-Virage_Travel-Bogota.html,Bogota
380. Tren Turistico de la Sabana,https://www.tripadvisor.co/Attraction_Review-g294074-d3916625-Reviews-Tren_Turistico_de_la_Sabana-Bogota.html,Bogota
381. The tours,https://www.tripadvisor.co/Attraction_Review-g294074-d17738215-Reviews-The_tours-Bogota.html,Bogota
382. The Queer Scout,https://www.tripadvisor.co/Attraction_Review-g294074-d13226607-Reviews-The_Queer_Scout-Bogota.html,Bogota
383. Ecoglobal Expeditions,https://www.tripadvisor.co/Attraction_Review-g294074-d10794137-Reviews-Ecoglobal_Expeditions-Bogota.html,Bogota
384. Ancestral Travel,https://www.tripadvisor.co/Attraction_Review-g294074-d23736093-Reviews-Ancestral_Travel-Bogota.html,Bogota
385. Miracles: Tours and trips,https://www.tripadvisor.co/Attraction_Review-g294074-d10846126-Reviews-Miracles_Tours_and_trips-Bogota.html,Bogota
386. Travesia Coffee,https://www.tripadvisor.co/Attraction_Review-g294074-d11910361-Reviews-Travesia_Coffee-Bogota.html,Bogota
387. Colombia Rico Tours,https://www.tripadvisor.co/Attraction_Review-g294074-d10797425-Reviews-Colombia_Rico_Tours-Bogota.html,Bogota
388. CAPOA Tours Colombia,https://www.tripadvisor.co/Attraction_Review-g294074-d20804078-Reviews-CAPOA_Tours_Colombia-Bogota.html,Bogota
389. 5am Club Tours,https://www.tripadvisor.co/Attraction_Review-g294074-d24181074-Reviews-5am_Club_Tours-Bogota.html,Bogota
390. Nómadas Colombia Travel,https://www.tripadvisor.co/Attraction_Review-g294074-d24076870-Reviews-Nomadas_Colombia_Travel-Bogota.html,Bogota
451. Ride Bogotá,https://www.tripadvisor.co/Attraction_Review-g294074-d10177856-Reviews-Ride_Bogota-Bogota.html,Bogota
452. Bogotan Flâneur Tours,https://www.tripadvisor.co/Attraction_Review-g294074-d15761657-Reviews-Bogotan_Flaneur_Tours-Bogota.html,Bogota
453. colombia car service,https://www.tripadvisor.co/Attraction_Review-g294074-d19542268-Reviews-Colombia_car_service-Bogota.html,Bogota
454. Vianco Te Transporta,https://www.tripadvisor.co/Attraction_Review-g294074-d17666875-Reviews-Vianco_Te_Transporta-Bogota.html,Bogota
455. BnB Colombia Tours (Bogota),https://www.tripadvisor.co/Attraction_Review-g294074-d23098345-Reviews-BnB_Colombia_Tours_Bogota-Bogota.html,Bogota
456. Dorado Tours,https://www.tripadvisor.co/Attraction_Review-g294074-d24971890-Reviews-Dorado_Tours-Bogota.html,Bogota
457. Ruta de la Esperanza,https://www.tripadvisor.co/Attraction_Review-g294074-d16849523-Reviews-Ruta_de_la_Esperanza-Bogota.html,Bogota
458. Living Colombia - Agencia De Viajes Operadora,https://www.tripadvisor.co/Attraction_Review-g294074-d25214890-Reviews-Living_Colombia_Agencia_De_Viajes_Operadora-Bogota.html,Bogota
459. Fishing in Colombia,https://www.tripadvisor.co/Attraction_Review-g294074-d19964693-Reviews-Fishing_in_Colombia-Bogota.html,Bogota
460. Passiflora Co,https://www.tripadvisor.co/Attraction_Review-g294074-d15613153-Reviews-Passiflora_Co-Bogota.html,Bogota
461. Monserrate Eco Tours,https://www.tripadvisor.co/Attraction_Review-g294074-d11644319-Reviews-Monserrate_Eco_Tours-Bogota.html,Bogota
462. Tourbitz,https://www.tripadvisor.co/Attraction_Review-g294074-d17420930-Reviews-Tourbitz-Bogota.html,Bogota
463. Colombia4u,https://www.tripadvisor.co/Attraction_Review-g294074-d14597985-Reviews-Colombia4u-Bogota.html,Bogota
464. Colombia Travel and Adventure,https://www.tripadvisor.co/Attraction_Review-g294074-d25287016-Reviews-Colombia_Travel_and_Adventure-Bogota.html,Bogota
465. FOTO recorrida,https://www.tripadvisor.co/Attraction_Review-g294074-d19989781-Reviews-FOTO_recorrida-Bogota.html,Bogota
466. Bogotivo,https://www.tripadvisor.co/Attraction_Review-g294074-d15235318-Reviews-Bogotivo-Bogota.html,Bogota
467. Gk Travel Colombia,https://www.tripadvisor.co/Attraction_Review-g294074-d17605955-Reviews-Gk_Travel_Colombia-Bogota.html,Bogota
468. BogotourVIP,https://www.tripadvisor.co/Attraction_Review-g294074-d25572583-Reviews-BogotourVIP-Bogota.html,Bogota
469. Bacatá Trip Co Sas,https://www.tripadvisor.co/Attraction_Review-g294074-d17649301-Reviews-Bacata_Trip_Co_Sas-Bogota.html,Bogota
470. Diana Sierra Ospina,https://www.tripadvisor.co/Attraction_Review-g294074-d17582128-Reviews-Diana_Sierra_Ospina-Bogota.html,Bogota
471. Gray Line Colombia,https://www.tripadvisor.co/Attraction_Review-g294074-d15675802-Reviews-Gray_Line_Colombia-Bogota.html,Bogota
472. Other Ways,https://www.tripadvisor.co/Attraction_Review-g294074-d17640853-Reviews-Other_Ways-Bogota.html,Bogota
473. Bacata Bikes & Tours,https://www.tripadvisor.co/Attraction_Review-g294074-d12031595-Reviews-Bacata_Bikes_Tours-Bogota.html,Bogota
474. Wontrip Colombia,https://www.tripadvisor.co/Attraction_Review-g294074-d21573148-Reviews-Wontrip_Colombia-Bogota.html,Bogota
475. Café González,https://www.tripadvisor.co/Attraction_Review-g294074-d25286020-Reviews-Cafe_Gonzalez-Bogota.html,Bogota
476. BM TOURS SA,https://www.tripadvisor.co/Attraction_Review-g294074-d20879697-Reviews-BM_TOURS_SA-Bogota.html,Bogota
477. Ovha Trans. SAS,https://www.tripadvisor.co/Attraction_Review-g294074-d25218864-Reviews-Ovha_Trans_SAS-Bogota.html,Bogota
478. Colombia imperdible,https://www.tripadvisor.co/Attraction_Review-g294074-d19464134-Reviews-Colombia_imperdible-Bogota.html,Bogota
479. Fluenz Spanish Immersion Bogota,https://www.tripadvisor.co/Attraction_Review-g294074-d25385072-Reviews-Fluenz_Spanish_Immersion_Bogota-Bogota.html,Bogota
480. Finca Ecoturistica Cafetera La Primavera Real,https://www.tripadvisor.co/Attraction_Review-g294074-d25314993-Reviews-Finca_Ecoturistica_Cafetera_La_Primavera_Real-Bogota.html,Bogota
511. Colombia en Tour,https://www.tripadvisor.co/Attraction_Review-g294074-d24142260-Reviews-Colombia_en_Tour-Bogota.html,Bogota
512. Traveling Spoon,https://www.tripadvisor.co/Attraction_Review-g294074-d12897442-Reviews-Traveling_Spoon-Bogota.html,Bogota
513. Vintrash,https://www.tripadvisor.co/Attraction_Review-g294074-d14803837-Reviews-Vintrash-Bogota.html,Bogota
514. Neutra Bienestar,https://www.tripadvisor.co/Attraction_Review-g294074-d8399415-Reviews-Neutra_Bienestar-Bogota.html,Bogota
515. Village Cafe Bogota,https://www.tripadvisor.co/Attraction_Review-g294074-d5996916-Reviews-Village_Cafe_Bogota-Bogota.html,Bogota
516. Phoenix Travel Group Colombia,https://www.tripadvisor.co/Attraction_Review-g294074-d17398501-Reviews-Phoenix_Travel_Group_Colombia-Bogota.html,Bogota
517. Chaló Chaló,https://www.tripadvisor.co/Attraction_Review-g294074-d16783639-Reviews-Chalo_Chalo-Bogota.html,Bogota
518. Monaco Rooftop,https://www.tripadvisor.co/Attraction_Review-g294074-d24023869-Reviews-Monaco_Rooftop-Bogota.html,Bogota
519. Gray Line Colombia,https://www.tripadvisor.co/Attraction_Review-g294074-d15675802-Reviews-Gray_Line_Colombia-Bogota.html,Bogota
520. Armando Records,https://www.tripadvisor.co/Attraction_Review-g294074-d3783782-Reviews-Armando_Records-Bogota.html,Bogota
521. Reserva Privada Rosales - Las Moyas,https://www.tripadvisor.co/Attraction_Review-g294074-d23964070-Reviews-Reserva_Privada_Rosales_Las_Moyas-Bogota.html,Bogota
522. Elephant Moto,https://www.tripadvisor.co/Attraction_Review-g294074-d13506040-Reviews-Elephant_Moto-Bogota.html,Bogota
523. El Cuchitril - Second Hand Shop,https://www.tripadvisor.co/Attraction_Review-g294074-d10860342-Reviews-El_Cuchitril_Second_Hand_Shop-Bogota.html,Bogota
524. Colombia Oculta,https://www.tripadvisor.co/Attraction_Review-g294074-d8641545-Reviews-Colombia_Oculta-Bogota.html,Bogota
525. 4.40 Music Hall,https://www.tripadvisor.co/Attraction_Review-g294074-d10171253-Reviews-4_40_Music_Hall-Bogota.html,Bogota
526. Chévere Colombia,https://www.tripadvisor.co/Attraction_Review-g294074-d17468737-Reviews-Chevere_Colombia-Bogota.html,Bogota
527. Destiny Tours,https://www.tripadvisor.co/Attraction_Review-g294074-d12454494-Reviews-Destiny_Tours-Bogota.html,Bogota
528. ninco tours,https://www.tripadvisor.co/Attraction_Review-g294074-d24982057-Reviews-Ninco_tours-Bogota.html,Bogota
529. Bike Immersion Tours,https://www.tripadvisor.co/Attraction_Review-g294074-d17497861-Reviews-Bike_Immersion_Tours-Bogota.html,Bogota
530. La Madriguera del Conejo Librería,https://www.tripadvisor.co/Attraction_Review-g294074-d2531606-Reviews-La_Madriguera_del_Conejo_Libreria-Bogota.html,Bogota
531. Odretours,https://www.tripadvisor.co/Attraction_Review-g294074-d17696548-Reviews-Odretours-Bogota.html,Bogota
532. Spot on Tours Colombia,https://www.tripadvisor.co/Attraction_Review-g294074-d7146875-Reviews-Spot_on_Tours_Colombia-Bogota.html,Bogota
533. Rent a Local Friend,https://www.tripadvisor.co/Attraction_Review-g294074-d3619236-Reviews-Rent_a_Local_Friend-Bogota.html,Bogota
534. Sushi School Bogota,https://www.tripadvisor.co/Attraction_Review-g294074-d20200474-Reviews-Sushi_School_Bogota-Bogota.html,Bogota
535. Local Tours Colombia,https://www.tripadvisor.co/Attraction_Review-g294074-d17421230-Reviews-Local_Tours_Colombia-Bogota.html,Bogota
536. Montana Ecological Tourism,https://www.tripadvisor.co/Attraction_Review-g294074-d15554838-Reviews-Montana_Ecological_Tourism-Bogota.html,Bogota
537. Kosh Rooftop,https://www.tripadvisor.co/Attraction_Review-g294074-d23817452-Reviews-Kosh_Rooftop-Bogota.html,Bogota
538. colombia car service,https://www.tripadvisor.co/Attraction_Review-g294074-d19542268-Reviews-Colombia_car_service-Bogota.html,Bogota
539. La Cava Del Puro,https://www.tripadvisor.co/Attraction_Review-g294074-d9834915-Reviews-La_Cava_Del_Puro-Bogota.html,Bogota
540. Club Campestre Guaymaral,https://www.tripadvisor.co/Attraction_Review-g294074-d2619930-Reviews-Club_Campestre_Guaymaral-Bogota.html,Bogota
541. Zipa Tours Bogota,https://www.tripadvisor.co/Attraction_Review-g294074-d15574849-Reviews-Zipa_Tours_Bogota-Bogota.html,Bogota
542. Fruit Tour Bogota,https://www.tripadvisor.co/Attraction_Review-g294074-d23836761-Reviews-Fruit_Tour_Bogota-Bogota.html,Bogota
543. Cine Colombia Dinamix,https://www.tripadvisor.co/Attraction_Review-g294074-d7225889-Reviews-Cine_Colombia_Dinamix-Bogota.html,Bogota
544. Dorado Tours,https://www.tripadvisor.co/Attraction_Review-g294074-d24971890-Reviews-Dorado_Tours-Bogota.html,Bogota
545. IMAX Procinal,https://www.tripadvisor.co/Attraction_Review-g294074-d4028524-Reviews-IMAX_Procinal-Bogota.html,Bogota
546. Be Local Experience,https://www.tripadvisor.co/Attraction_Review-g294074-d15810520-Reviews-Be_Local_Experience-Bogota.html,Bogota
547. Humedal Santa María del Lago,https://www.tripadvisor.co/Attraction_Review-g294074-d7038392-Reviews-Humedal_Santa_Maria_del_Lago-Bogota.html,Bogota
548. Agencia VIP,https://www.tripadvisor.co/Attraction_Review-g294074-d15220241-Reviews-Agencia_VIP-Bogota.html,Bogota
549. 3 Cordilleras,https://www.tripadvisor.co/Attraction_Review-g294074-d20300621-Reviews-3_Cordilleras-Bogota.html,Bogota
550. Parque Timiza,https://www.tripadvisor.co/Attraction_Review-g294074-d7038334-Reviews-Parque_Timiza-Bogota.html,Bogota
551. Parque de los Periodistas Gabriel García Márquez,https://www.tripadvisor.co/Attraction_Review-g294074-d7032271-Reviews-Parque_de_los_Periodistas_Gabriel_Garcia_Marquez-Bogota.html,Bogota
552. Ride Bogotá,https://www.tripadvisor.co/Attraction_Review-g294074-d10177856-Reviews-Ride_Bogota-Bogota.html,Bogota
553. Tumbao By Presea,https://www.tripadvisor.co/Attraction_Review-g294074-d23817461-Reviews-Tumbao_By_Presea-Bogota.html,Bogota
554. Casa Quiebra-Canto Bogota,https://www.tripadvisor.co/Attraction_Review-g294074-d12060064-Reviews-Casa_Quiebra_Canto_Bogota-Bogota.html,Bogota
555. Hotel de la Ópera,https://www.tripadvisor.co/Attraction_Review-g294074-d17165452-Reviews-Spa_Hotel_de_la_Opera-Bogota.html,Bogota
556. Living Colombia - Agencia De Viajes Operadora,https://www.tripadvisor.co/Attraction_Review-g294074-d25214890-Reviews-Living_Colombia_Agencia_De_Viajes_Operadora-Bogota.html,Bogota
557. Colombia Travel and Adventure,https://www.tripadvisor.co/Attraction_Review-g294074-d25287016-Reviews-Colombia_Travel_and_Adventure-Bogota.html,Bogota
558. BnB Colombia Tours (Bogota),https://www.tripadvisor.co/Attraction_Review-g294074-d23098345-Reviews-BnB_Colombia_Tours_Bogota-Bogota.html,Bogota
559. Diana Sierra Ospina,https://www.tripadvisor.co/Attraction_Review-g294074-d17582128-Reviews-Diana_Sierra_Ospina-Bogota.html,Bogota
560. Cinemateca Distrital,https://www.tripadvisor.co/Attraction_Review-g294074-d11741322-Reviews-Cinemateca_Distrital-Bogota.html,Bogota
561. Colombia4u,https://www.tripadvisor.co/Attraction_Review-g294074-d14597985-Reviews-Colombia4u-Bogota.html,Bogota
562. Cinemania,https://www.tripadvisor.co/Attraction_Review-g294074-d5250027-Reviews-Cinemania-Bogota.html,Bogota
563. Bebeta Tejo Bar,https://www.tripadvisor.co/Attraction_Review-g294074-d24023933-Reviews-Bebeta_Tejo_Bar-Bogota.html,Bogota
564. Merakiu Concept Store,https://www.tripadvisor.co/Attraction_Review-g294074-d19003705-Reviews-Merakiu_Concept_Store-Bogota.html,Bogota
565. Guadalupe Hill,https://www.tripadvisor.co/Attraction_Review-g294074-d6925718-Reviews-Guadalupe_Hill-Bogota.html,Bogota
566. Camino Bogotano,https://www.tripadvisor.co/Attraction_Review-g294074-d9718443-Reviews-Camino_Bogotano-Bogota.html,Bogota
567. Country Club de Bogota,https://www.tripadvisor.co/Attraction_Review-g294074-d4788446-Reviews-Country_Club_de_Bogota-Bogota.html,Bogota
568. Worldwide Travel Services,https://www.tripadvisor.co/Attraction_Review-g294074-d21168369-Reviews-Worldwide_Travel_Services-Bogota.html,Bogota
569. Other Ways,https://www.tripadvisor.co/Attraction_Review-g294074-d17640853-Reviews-Other_Ways-Bogota.html,Bogota
570. Parche Criollo,https://www.tripadvisor.co/Attraction_Review-g294074-d10206742-Reviews-Parche_Criollo-Bogota.html,Bogota
571. Mantaraya Travel - Day Tours and Trips for Colombia,https://www.tripadvisor.co/Attraction_Review-g294074-d2167846-Reviews-Mantaraya_Travel_Day_Tours_and_Trips_for_Colombia-Bogota.html,Bogota
572. La Berraquera - The Colombian Experience,https://www.tripadvisor.co/Attraction_Review-g294074-d16818934-Reviews-La_Berraquera_The_Colombian_Experience-Bogota.html,Bogota
573. Foodies,https://www.tripadvisor.co/Attraction_Review-g294074-d3701178-Reviews-Foodies-Bogota.html,Bogota
574. Awá Colombia,https://www.tripadvisor.co/Attraction_Review-g294074-d17529432-Reviews-Awa_Colombia-Bogota.html,Bogota
575. Bogotan Flâneur Tours,https://www.tripadvisor.co/Attraction_Review-g294074-d15761657-Reviews-Bogotan_Flaneur_Tours-Bogota.html,Bogota
576. Humedal La Conejera,https://www.tripadvisor.co/Attraction_Review-g294074-d7032263-Reviews-Humedal_La_Conejera-Bogota.html,Bogota
577. Btá Capital,https://www.tripadvisor.co/Attraction_Review-g294074-d8811343-Reviews-Bta_Capital-Bogota.html,Bogota
578. Sirius,https://www.tripadvisor.co/Attraction_Review-g294074-d25228337-Reviews-Sirius-Bogota.html,Bogota
579. Tourbitz,https://www.tripadvisor.co/Attraction_Review-g294074-d17420930-Reviews-Tourbitz-Bogota.html,Bogota
580. SOUNDWALKRS - Bogota,https://www.tripadvisor.co/Attraction_Review-g294074-d19652531-Reviews-SOUNDWALKRS_Bogota-Bogota.html,Bogota
581. High Wind Parapente,https://www.tripadvisor.co/Attraction_Review-g294074-d12963809-Reviews-High_Wind_Parapente-Bogota.html,Bogota
582. Joyeria Gema Andina,https://www.tripadvisor.co/Attraction_Review-g294074-d18906634-Reviews-Joyeria_Gema_Andina-Bogota.html,Bogota
583. Ruta de la Esperanza,https://www.tripadvisor.co/Attraction_Review-g294074-d16849523-Reviews-Ruta_de_la_Esperanza-Bogota.html,Bogota
584. Uncharted Colombia Adventure Travel Company,https://www.tripadvisor.co/Attraction_Review-g294074-d12558876-Reviews-Uncharted_Colombia_Adventure_Travel_Company-Bogota.html,Bogota
585. Studio Sound - Dance & Fitness,https://www.tripadvisor.co/Attraction_Review-g294074-d19761697-Reviews-Studio_Sound_Dance_Fitness-Bogota.html,Bogota
586. Bogotivo,https://www.tripadvisor.co/Attraction_Review-g294074-d15235318-Reviews-Bogotivo-Bogota.html,Bogota
587. Ethnic Colombia,https://www.tripadvisor.co/Attraction_Review-g294074-d25385935-Reviews-ETHNIC_COLOMBIA-Bogota.html,Bogota
588. Hand Shakers,https://www.tripadvisor.co/Attraction_Review-g294074-d25789625-Reviews-Hand_Shakers-Bogota.html,Bogota
589. Zula,https://www.tripadvisor.co/Attraction_Review-g294074-d23791318-Reviews-Zula-Bogota.html,Bogota
590. Fluenz Spanish Immersion Bogota,https://www.tripadvisor.co/Attraction_Review-g294074-d25385072-Reviews-Fluenz_Spanish_Immersion_Bogota-Bogota.html,Bogota
591. Cuban Jazz Cafe,https://www.tripadvisor.co/Attraction_Review-g294074-d4306796-Reviews-Cuban_Jazz_Cafe-Bogota.html,Bogota
592. Café González,https://www.tripadvisor.co/Attraction_Review-g294074-d25286020-Reviews-Cafe_Gonzalez-Bogota.html,Bogota
593. Vianco Te Transporta,https://www.tripadvisor.co/Attraction_Review-g294074-d17666875-Reviews-Vianco_Te_Transporta-Bogota.html,Bogota
594. Gk Travel Colombia,https://www.tripadvisor.co/Attraction_Review-g294074-d17605955-Reviews-Gk_Travel_Colombia-Bogota.html,Bogota
595. CrossFit Bogota,https://www.tripadvisor.co/Attraction_Review-g294074-d12918786-Reviews-CrossFit_Bogota-Bogota.html,Bogota
596. Chauffeur Bogota,https://www.tripadvisor.co/Attraction_Review-g294074-d13123260-Reviews-Chauffeur_Bogota-Bogota.html,Bogota
597. Parque Entre Nubes,https://www.tripadvisor.co/Attraction_Review-g294074-d4420038-Reviews-Parque_Entre_Nubes-Bogota.html,Bogota
598. TERRITORIO COLOMBIA,https://www.tripadvisor.co/Attraction_Review-g294074-d13948150-Reviews-Territorio_Colombia-Bogota.html,Bogota
599. FOTO recorrida,https://www.tripadvisor.co/Attraction_Review-g294074-d19989781-Reviews-FOTO_recorrida-Bogota.html,Bogota
600. Magic House Bogota,https://www.tripadvisor.co/Attraction_Review-g294074-d15017854-Reviews-Magic_House_Bogota-Bogota.html,Bogota
